customer_id,customer_name,customer_email,customer_phone
06188148-692b-49e4-9fa2-bfd2122da8d0,Christopher Wagner,douglasroberts@example.com,(474)342-1339
5d368245-eb59-4e5d-8072-bd32b0ade861,Michael Hampton,gmiller@example.com,+1-256-268-9302x3291
4af12eca-f300-4a5f-ad33-1bbbcb282ba4,Lisa Sanchez,joel21@example.org,(680)718-6092
70192b49-492a-4a31-b500-052282f17461,John Wilson,thorntonlindsay@example.net,237-757-1038x9150
8ad99248-63ff-44d6-a493-1fa072bab6b7,Cody Watkins,twagner@example.org,416-643-8135x25891
27823db7-9d0d-4370-ac07-87355c058f46,Elizabeth Miller,brucetaylor@example.com,244.453.0583x12885
a685b10b-d9c0-4a6a-80eb-9b6d03fa5f91,Traci Garcia,jeffrey49@example.org,(214)230-3301x97978
0de21e49-5339-46b8-bac6-62b6bf43e63d,Brian Valdez,mcarrillo@example.net,592.574.6818x0619
38702d15-998d-4cba-8447-d647c4ea066d,Lisa Evans,kyle31@example.com,(455)413-0233x62687
28cf81d1-de34-47a2-b5b6-660f02be45e1,John Marks,morrisangela@example.com,2304039943
b49e5d4a-d7dd-459d-8eab-ede90e928a74,Molly Gonzalez,mark00@example.org,746-751-1447x044
d1e5eb0f-d581-4642-8cb0-38b8602de0b0,John Riley,barbara82@example.net,+1-566-473-3005x425
ef6364cc-cf08-42d0-8f47-1b91ac52e9e3,Paul Garza,danielallen@example.net,001-794-937-2610x240
bbbf1126-2f2a-43ba-a5e9-66ae07b712a1,Tracy Griffin,carla34@example.org,+1-868-945-1277x318
c4c24350-c2e5-4823-9b75-e2c3c785468a,Billy Santos,thomas03@example.net,(293)460-4985x6396
d92a760f-ce2e-4dd5-b923-b12fc4263fb6,April Torres,ronnie12@example.net,(314)626-4126x534
54039ff7-90cc-47ca-8c2e-1d57d98f33f8,Madison Miller,sandra19@example.org,001-316-551-8104
b030ed9f-9944-4351-bd71-bb282f152f9f,Joel Baker,zwilliams@example.org,472-487-8572x9452
64824a09-109b-47b9-ad41-3c4c7cfd036a,Daniel Tran,hudsonmichael@example.net,(243)303-2153
99b727c2-0cb5-42fa-98c5-9664f965b24c,Katherine Schwartz,qpetersen@example.org,+1-801-455-3408x036
4a79ec75-b3e2-449a-9e59-696ccd900a46,Bryan Juarez,potterbeth@example.org,684.501.9190x43543
71e07c37-10d9-4c50-b035-1fbb22990527,Christian Scott,christopher63@example.com,302.652.4415
6d75dbd9-5b92-4fc3-b606-3ed154361cd6,Curtis Fletcher,lcalderon@example.org,629.939.4311x64668
a1be9c34-59a1-458e-bb39-0f7edbc4d4ff,Lisa Green,rhonda83@example.org,256-453-1202x576
c6f97bac-54d3-4da9-bbc8-6ca6e80c430a,Jamie Frank,jessica55@example.com,7662943764
b9d63233-019f-4715-9f3d-4161696e5161,Mark Martinez,arivera@example.net,001-398-961-5410x815
eea00a70-280e-474d-81db-faeb0f37b91b,Catherine Jenkins,brittanygonzalez@example.net,001-834-393-2442x560
00fee44c-2537-466c-8c06-f7b98858c8ea,Jasmin Perez,hugheskayla@example.net,3603710704
65b2a89c-0726-4589-9e4e-2ee11d400497,David Robles,jameswatson@example.net,+1-746-470-7760x7891
0e9f304e-9047-44da-8d11-6555a31ce95e,Ryan Ali,qchurch@example.net,+1-205-976-6125x8613
0badc895-a4ed-40f7-a8ee-49a306ef89ad,David Mills,kellylynch@example.com,695-717-4774
2d383542-57d3-41b2-b478-2cb991088625,Laura Hammond,martindonald@example.org,652.375.4681x6772
0c4d012a-8819-47e7-9adb-98c445348306,Wendy Miller,emilylindsey@example.org,(539)714-5144
9f186c15-dc4a-482f-892b-05a7651ecdda,Jeffrey West,victoria30@example.net,001-601-624-2012
a8575a38-0605-4e71-885a-ea6f4c994bac,Lauren Sparks,leonardmontes@example.org,(642)793-4196
6cb5d8f2-5eea-4abe-9696-e59cbee326dc,Kimberly Walker,gjames@example.net,(340)667-6422x66251
870b6f10-219a-429d-af1a-28e245d1c358,Miranda Roberts,diazmelissa@example.org,426-890-4408
f1e2b63e-208a-46f4-84ae-8b1036820419,David Rogers,marissa57@example.com,+1-752-442-8088x27819
fd89de14-ec94-4a55-bef5-9b93f2b6d626,Christy Collins,brownjennifer@example.org,001-698-532-1667x737
237f5080-fd37-4eb7-82ce-22d5f9c42d6f,Chad Dominguez,jasonsanchez@example.net,413-471-6852x52326
2bf271fb-6c53-4755-b3ad-fbe66c2e30d6,Ryan Armstrong,adrian34@example.com,(996)376-2493x7568
d5f2a5c8-71fc-468c-8876-208a424d7583,Brian Hampton,gpowell@example.net,+1-892-333-9074x2806
7be51ce2-dcea-454e-b810-ce7b90a66153,Glenn Carter,warrenpamela@example.com,295-316-3527
5c253278-ec7b-4d02-8090-0a5421acb2bf,Steven Wilkinson,jhuff@example.net,7958417645
979bd066-b16d-406b-8381-c8baaa530e2c,Richard Dominguez,elizabethoconnor@example.com,916-552-0760
4bd171aa-28a7-44d2-8fce-ccb681855d67,April Chavez,jwhite@example.org,(290)593-4329x42494
bfed79e0-818f-4911-a6b8-b1748796280b,Robert Berry,hudsonlucas@example.net,001-637-338-9391
50f8950e-c40a-4615-b2bc-2a391b3d292a,Amber Brown,daniel20@example.com,819-716-5385x92611
be329abb-72c0-49a9-9689-db7296775433,Mary Davis,laurarivera@example.net,(924)539-9625x22557
87332cd4-e4d7-439e-a773-141461dcf535,Megan Campbell,williammitchell@example.com,391-992-6976x02751
b5ae96b1-1c47-487b-84c0-fd58c702ee04,Nicole Bryan,evanstimothy@example.com,+1-826-628-0583x53724
6ab4d9e9-87f4-4a90-ae73-ecfdddf09412,James Bell,carterronald@example.net,714-781-2374x058
0d2ff175-502f-4e57-9448-4bf8a083bffc,Cristian Hudson,kaguirre@example.com,(837)389-6355x328
624f4dec-5294-419c-a4b9-3a2836538453,Michael Blankenship,aaron17@example.org,456-371-0648
e5286b34-3416-4528-b3e9-299051c01d54,Michelle Wilkinson,tonyaguirre@example.com,6013722210
5717520b-561e-4797-9d77-450f13fc6f72,Dylan Frederick,robert76@example.org,001-863-438-0841x14863
e6614e72-a0be-4129-842c-36580e69ed0c,Arthur Walker,ashley22@example.net,2112676893
1146d825-3bdf-42e5-ae43-26704b29811f,Michael Green,michael31@example.org,(965)765-1675x47904
5d709f2f-2441-4749-b63f-ec3acb0bfe0a,Christopher Fischer,uphillips@example.org,(446)913-9330x52294
58a70824-219d-451f-8e62-dccbea9e77f1,Anna Murray,ethandillon@example.com,814-419-4321
8ffd156f-91db-461f-8be7-f68b99d155f8,Thomas Mcdonald,marcuscastillo@example.org,001-241-224-0417x42602
bc546cc4-d03c-4638-9018-d0517180e0e1,Robert Cooper,donna44@example.net,(940)993-9803x04315
de331999-e58b-44c0-9014-6a650a8c3aeb,Michael Hardy,mark79@example.com,+1-230-969-2728x4394
5072509d-f1bd-4b8c-b819-d145fd83e4dc,Zachary Boyd,daniellewilson@example.com,+1-304-384-7909x60535
26e599fb-edc6-4a96-beb2-d5e3ef9c608c,Kristina Thompson,thompsontiffany@example.net,+1-495-724-7561x744
2b12bda8-dc3e-4807-bcb0-6371091f6fc8,Tiffany Mclaughlin,gguzman@example.org,396-492-0661x98926
d891db19-d524-45c5-a4f9-4349b473c8d1,Dr. Mark Sanders MD,danielterrell@example.com,815-321-8994x324
7b44f796-0948-471a-8942-d970d46a023a,Rachael Rodriguez,brownkayla@example.com,373.306.7761
0d8a32a1-968b-42cb-a8cb-98a6e77924a9,Amanda Carrillo,millerstephen@example.com,+1-471-622-7120x179
3d02aa1b-9b30-49e4-ab29-b0f96a9cb2d7,Victor Murphy,ppierce@example.net,(242)931-4776
b85625c6-3d84-4b96-96b2-547e792a5261,Patricia Allen,daltonbenjamin@example.org,(721)365-6166x08079
16158ee9-62b0-4e6c-afb7-86badaef6468,Carlos Richards,vegacharles@example.org,319-340-8808
b095c666-0b31-418c-80d5-3e936fa8c6b7,Deborah Torres,margaretmitchell@example.net,654.230.8498
f5d34ccb-0c77-4a83-8456-e256b42f65aa,Ann Elliott,javieranderson@example.org,6153649843
318de0ba-24db-4117-895c-21446d1606d4,Karen Duffy,jonesgregory@example.org,001-226-325-3236x623
ac024b11-cd53-419a-9e4c-963231005804,James Choi,johnfrank@example.com,434.506.7557x70031
cd2ba399-52dd-4bb4-be9f-3b19525c94c9,Anita Wilson,robert94@example.net,426-673-2207
9cd594e5-517c-443d-9c26-bf4a5244969d,Stephanie Cox,dhaynes@example.org,+1-872-426-1181x03418
78b114e1-6cb5-4f6f-9862-ab59b79a410c,Michael Fisher,angela90@example.com,911.763.4935x736
e41fd959-a348-4fcf-a6b4-73bc6fe58b73,Cindy Brown,jenna15@example.org,(933)298-5057
286cf7c4-4257-4dce-82c8-294492713589,Tommy Morris,jacqueline47@example.org,309.843.6648x7476
58bef91f-e0a2-4b95-8a88-017b89d2c3dc,Kayla Reed,slewis@example.org,+1-917-622-4180x5927
330db4fb-0f32-4ab6-87ce-5487a04a217a,Michael Griffith,fsalinas@example.org,+1-380-356-4664x593
1eea9bec-d9fa-492f-8cfe-feb67731c971,Todd Todd,andrea19@example.com,001-640-644-8484x403
d7d77148-04a1-4d2c-a951-92e2b6b12d19,Emily Smith,qshaw@example.net,425-926-3531x909
b431ff5d-a35e-49ac-8190-68f636efde3a,Kelly Rivers,jason97@example.org,729.284.8471x692
46c04e67-6092-4c40-af2d-6a1201ddfbd2,Jonathon Mcclure,william84@example.com,3553572335
af6c4cfe-16a3-4bf1-81ab-f8336eaac431,Trevor Bradshaw,bjones@example.net,494.959.2312
c488466d-212f-4e7e-85d2-1ef0d0fc2484,Steven Simmons,theresasawyer@example.org,001-714-273-8157
f58631b9-e792-4366-9983-6305cd30c304,Ian Martinez,sara94@example.org,598.758.7493
dfb5d7ad-dc67-408b-8970-b03ee2289505,Victor Vasquez,geraldcoffey@example.org,+1-557-533-5824x17485
3dceb5aa-f043-4906-a2da-24168f46522c,Mr. Dustin Ferguson,kyle73@example.org,980-385-6118
02848bd3-95c2-4075-8415-16c7e125ac0b,Melanie Swanson,gblake@example.org,(773)817-9486
a28e872a-851b-45a0-bbe3-f4b3ac879d9f,William Cummings,millerdaniel@example.net,(646)569-3053
ff37a4c4-d690-4b0c-b0a5-dc7e8e3f61f3,Larry Glover,klowe@example.net,679.709.3464x8425
bdc45a4d-bee6-4554-9474-3803f0211cf5,Jake Jones,brianfigueroa@example.net,+1-476-510-8056x9730
aade8f84-5351-4003-ba02-d5af784f4384,Amanda Williams,reynoldstracy@example.net,848.483.5414x708
87203b0c-2654-4fbe-8630-d5b3dff5ea32,Kevin Lee MD,sean45@example.com,(205)273-1719x385
e73325a0-be04-400f-b2ef-dc141957f38a,Daniel Roberts,melissarobbins@example.com,6716666468
2d8d4162-5da0-4822-b808-bbf2316e1d3f,Gerald Meza DVM,ghansen@example.net,(850)671-9706x52118
